Residue,Frequency
ALA,0.059237319511292116
ARG,0.045168456127360236
ASN,0.039244724176231024
ASP,0.05146242132543503
CYS,0.014439096630877453
GLN,0.04331728989263236
GLU,0.05664568678267309
GLY,0.05886708626434654
HIS,0.028137726767863754
ILE,0.05775638652350981
LEU,0.09737134394668641
LYS,0.07960014809329878
MET,0.019622362088115512
PHE,0.04072565716401333
PRO,0.05627545353572751
SER,0.07515734912995187
THR,0.04664938911514254
TRP,0.01629026286560533
TYR,0.042947056645686786
VAL,0.07108478341355054
